msa,status,n_taxa,n_realA,n_realB,n_inherited,n_inhA,n_inhB,O_A,O_B,merged_taxa,taxa_ok,loglik,rf_true,nrf_true,n_common,faith_a,faith_b,faithful,ll_score,ll_raxml,ll_diff,raxml_agree,raxml_err,mode,seed,budget,time_sec,error
random_tree_001,ok,200,98,82,20,11,9,T113,T99,200,1,-127837.7042,24,0.0609,200,0,0,1,-127837.7042,-127837.7042,0.0,1,,ml,42,0,65.88,
random_tree_002,ok,200,88,92,20,10,10,T36,T51,200,1,-118623.8415,14,0.0355,200,0,0,1,-118623.8415,-118623.8415,0.0,1,,ml,42,0,61.12,
random_tree_011,ok,200,76,104,20,8,12,T192,T69,200,1,-114728.3522,10,0.0254,200,0,0,1,-114728.3522,-114728.3522,0.0,1,,ml,42,0,62.47,
random_tree_012,ok,200,87,93,20,10,10,T33,T52,200,1,-119493.2887,34,0.0863,200,0,0,1,-119493.2887,-119493.2887,0.0,1,,ml,42,0,69.98,
random_tree_013,ok,200,80,100,20,9,11,T115,T186,200,1,-115992.0921,8,0.0203,200,0,0,1,-115992.0921,-115992.0921,0.0,1,,ml,42,0,62.44,
random_tree_014,ok,200,81,99,20,9,11,T127,T170,200,1,-112720.3402,16,0.0406,200,0,0,1,-112720.3402,-112720.3402,0.0,1,,ml,42,0,69.06,
random_tree_015,ok,200,77,103,20,9,11,T200,T73,200,1,-126719.1251,18,0.0457,200,0,0,1,-126719.1251,-126719.1251,0.0,1,,ml,42,0,71.38,
random_tree_016,ok,200,90,90,20,10,10,T38,T5,200,1,-114686.3841,18,0.0457,200,0,0,1,-114686.3841,-114686.3841,0.0,1,,ml,42,0,66.97,
random_tree_155,ok,200,98,82,20,11,9,T119,T99,200,1,-117783.5826,26,0.066,200,0,0,1,-117783.5826,-117783.5826,0.0,1,,ml,42,0,56.69,
random_tree_156,ok,200,95,85,20,10,10,T17,T47,200,1,-114508.7738,24,0.0609,200,0,0,1,-114508.7738,-114508.7738,0.0,1,,ml,42,0,58.26,
random_tree_157,ok,200,92,88,20,10,10,T149,T53,200,1,-122418.9894,16,0.0406,200,0,0,1,-122418.9894,-122418.9894,0.0,1,,ml,42,0,64.15,
random_tree_158,ok,200,95,85,20,11,9,T136,T82,200,1,-116371.3171,20,0.0508,200,0,0,1,-116371.3171,-116371.3171,0.0,1,,ml,42,0,61.71,
random_tree_159,ok,200,102,78,20,11,9,T129,T70,200,1,-115369.3162,18,0.0457,200,0,0,1,-115369.3162,-115369.3162,0.0,1,,ml,42,0,68.01,
random_tree_160,ok,200,93,87,20,10,10,T150,T57,200,1,-120237.7931,34,0.0863,200,0,0,1,-120237.7931,-120237.7931,0.0,1,,ml,42,0,56.2,
random_tree_017,ok,200,87,93,20,10,10,T33,T52,200,1,-111283.0454,28,0.0711,200,0,0,1,-111283.0454,-111283.0454,0.0,1,,ml,42,0,54.93,
random_tree_161,ok,200,84,96,20,9,11,T35,T72,200,1,-121552.2174,18,0.0457,200,0,0,1,-121552.2174,-121552.2174,0.0,1,,ml,42,0,61.17,
random_tree_162,ok,200,89,91,20,10,10,T30,T57,200,1,-112549.7268,20,0.0508,200,0,0,1,-112549.7268,-112549.7268,0.0,1,,ml,42,0,60.01,
random_tree_163,ok,200,87,93,20,10,10,T37,T59,200,1,-117369.5829,36,0.0914,200,0,0,1,-117369.5829,-117369.5829,0.0,1,,ml,42,0,57.31,
random_tree_164,ok,200,117,63,20,13,7,T98,T145,200,1,-119681.1546,24,0.0609,200,0,0,1,-119681.1546,-119681.1546,0.0,1,,ml,42,0,72.39,
random_tree_165,ok,200,86,94,20,10,10,T34,T59,200,1,-116268.3734,24,0.0609,200,0,0,1,-116268.3734,-116268.3734,0.0,1,,ml,42,0,59.24,
random_tree_166,ok,200,93,87,20,10,10,T152,T50,200,1,-116231.5648,20,0.0508,200,0,0,1,-116231.5648,-116231.5648,0.0,1,,ml,42,0,61.8,
random_tree_167,ok,200,95,85,20,11,9,T129,T82,200,1,-111980.6486,28,0.0711,200,0,0,1,-111980.6486,-111980.6486,0.0,1,,ml,42,0,67.18,
random_tree_168,ok,200,83,97,20,9,11,T123,T169,200,1,-113448.5213,40,0.1015,200,0,0,1,-113448.5213,-113448.5213,0.0,1,,ml,42,0,61.91,
random_tree_169,ok,200,95,85,20,11,9,T146,T80,200,1,-121436.9866,30,0.0761,200,0,0,1,-121436.9866,-121436.9866,0.0,1,,ml,42,0,67.93,
random_tree_170,ok,200,88,92,20,10,10,T31,T50,200,1,-118148.4,20,0.0508,200,0,0,1,-118148.4,-118148.4,0.0,1,,ml,42,0,60.58,
random_tree_018,ok,200,95,85,20,11,9,T142,T82,200,1,-117257.3704,22,0.0558,200,0,0,1,-117257.3704,-117257.3704,0.0,1,,ml,42,0,64.32,
random_tree_171,ok,200,70,110,20,8,12,T151,T99,200,1,-112394.6927,34,0.0863,200,0,0,1,-112394.6927,-112394.6927,0.0,1,,ml,42,0,64.74,
random_tree_172,ok,200,89,91,20,10,10,T37,T54,200,1,-114611.8659,28,0.0711,200,0,0,1,-114611.8659,-114611.8659,0.0,1,,ml,42,0,56.27,
random_tree_173,ok,200,98,82,20,11,9,T116,T98,200,1,-117734.8769,8,0.0203,200,0,0,1,-117734.8769,-117734.8769,0.0,1,,ml,42,0,64.29,
random_tree_174,ok,200,108,72,20,12,8,T57,T27,200,1,-113810.7522,28,0.0711,200,0,0,1,-113810.7522,-113810.7522,0.0,1,,ml,42,0,60.16,
random_tree_175,ok,200,109,71,20,12,8,T63,T20,200,1,-118785.6323,16,0.0406,200,0,0,1,-118785.6323,-118785.6323,0.0,1,,ml,42,0,69.28,
random_tree_176,ok,200,82,98,20,9,11,T125,T164,200,1,-118187.6729,26,0.066,200,0,0,1,-118187.6729,-118187.6729,0.0,1,,ml,42,0,64.95,
random_tree_177,ok,200,82,98,20,9,11,T127,T171,200,1,-114830.9755,20,0.0508,200,0,0,1,-114830.9755,-114830.9755,0.0,1,,ml,42,0,68.81,
random_tree_178,ok,200,78,102,20,9,11,T8,T22,200,1,-116570.9864,16,0.0406,200,0,0,1,-116570.9864,-116570.9864,0.0,1,,ml,42,0,59.0,
random_tree_179,ok,200,78,102,20,9,11,T86,T22,200,1,-121596.4853,42,0.1066,200,0,0,1,-121596.4853,-121596.4853,0.0,1,,ml,42,0,67.95,
random_tree_180,ok,200,83,97,20,9,11,T135,T157,200,1,-121395.0028,18,0.0457,200,0,0,1,-121395.0028,-121395.0028,0.0,1,,ml,42,0,68.14,
random_tree_019,ok,200,90,90,20,10,10,T45,T46,200,1,-113018.756,24,0.0609,200,0,0,1,-113018.756,-113018.756,0.0,1,,ml,42,0,61.96,
random_tree_181,ok,200,88,92,20,10,10,T37,T49,200,1,-117494.0022,18,0.0457,200,0,0,1,-117494.0022,-117494.0022,0.0,1,,ml,42,0,53.67,
random_tree_182,ok,200,95,85,20,11,9,T127,T77,200,1,-128251.0879,20,0.0508,200,0,0,1,-128251.0879,-128251.0879,0.0,1,,ml,42,0,62.02,
random_tree_183,ok,200,108,72,20,12,8,T57,T22,200,1,-110477.8572,28,0.0711,200,0,0,1,-110477.8572,-110477.8572,0.0,1,,ml,42,0,60.52,
random_tree_184,ok,200,109,71,20,12,8,T58,T26,200,1,-119875.3787,22,0.0558,200,0,0,1,-119875.3787,-119875.3787,0.0,1,,ml,42,0,66.89,
random_tree_185,ok,200,107,73,20,12,8,T180,T3,200,1,-120993.3992,20,0.0508,200,0,0,1,-120993.3992,-120993.3992,0.0,1,,ml,42,0,65.09,
random_tree_186,ok,200,71,109,20,8,12,T147,T98,200,1,-123008.5126,12,0.0305,200,0,0,1,-123008.5126,-123008.5126,0.0,1,,ml,42,0,72.14,
random_tree_187,ok,200,68,112,20,8,12,T133,T85,200,1,-123945.1313,28,0.0711,200,0,0,1,-123945.1313,-123945.1313,0.0,1,,ml,42,0,69.68,
random_tree_188,ok,200,74,106,20,8,12,T151,T82,200,1,-114997.3907,16,0.0406,200,0,0,1,-114997.3907,-114997.3907,0.0,1,,ml,42,0,62.15,
random_tree_189,ok,200,94,86,20,10,10,T155,T50,200,1,-125887.3055,20,0.0508,200,0,0,1,-125887.3055,-125887.3055,0.0,1,,ml,42,0,65.93,
random_tree_190,ok,200,72,108,20,8,12,T145,T97,200,1,-115243.0625,30,0.0761,200,0,0,1,-115243.0625,-115243.0625,0.0,1,,ml,42,0,59.26,
random_tree_020,ok,200,84,96,20,9,11,T32,T69,200,1,-118143.049,20,0.0508,200,0,0,1,-118143.049,-118143.049,0.0,1,,ml,42,0,71.62,
random_tree_191,ok,200,85,95,20,9,11,T120,T176,200,1,-127002.5566,18,0.0457,200,0,0,1,-127002.5566,-127002.5566,0.0,1,,ml,42,0,67.26,
random_tree_192,ok,200,87,93,20,10,10,T36,T58,200,1,-112573.9898,32,0.0812,200,0,0,1,-112573.9898,-112573.9898,0.0,1,,ml,42,0,56.0,
random_tree_193,ok,200,88,92,20,10,10,T30,T67,200,1,-118629.1858,16,0.0406,200,0,0,1,-118629.1858,-118629.1858,0.0,1,,ml,42,0,60.57,
random_tree_194,ok,200,82,98,20,9,11,T123,T173,200,1,-118695.6041,20,0.0508,200,0,0,1,-118695.6041,-118695.6041,0.0,1,,ml,42,0,62.5,
random_tree_195,ok,200,85,95,20,9,11,T124,T165,200,1,-117164.5545,38,0.0964,200,0,0,1,-117164.5545,-117164.5545,0.0,1,,ml,42,0,64.63,
random_tree_196,ok,200,97,83,20,11,9,T133,T8,200,1,-118995.3194,26,0.066,200,0,0,1,-118995.3194,-118995.3194,0.0,1,,ml,42,0,57.02,
random_tree_197,ok,200,86,94,20,10,10,T28,T64,200,1,-116475.1592,32,0.0812,200,0,0,1,-116475.1592,-116475.1592,0.0,1,,ml,42,0,65.68,
random_tree_198,ok,200,87,93,20,10,10,T45,T5,200,1,-109779.2432,12,0.0305,200,0,0,1,-109779.2432,-109779.2432,0.0,1,,ml,42,0,57.55,
random_tree_199,ok,200,95,85,20,11,9,T143,T80,200,1,-115607.6102,32,0.0812,200,0,0,1,-115607.6102,-115607.6102,0.0,1,,ml,42,0,60.15,
random_tree_200,ok,200,88,92,20,10,10,T36,T57,200,1,-122020.4383,16,0.0406,200,0,0,1,-122020.4383,-122020.4383,0.0,1,,ml,42,0,65.15,
random_tree_003,ok,200,76,104,20,8,12,T21,T70,200,1,-114117.661,24,0.0609,200,0,0,1,-114117.661,-114117.661,0.0,1,,ml,42,0,68.37,
random_tree_021,ok,200,99,81,20,11,9,T116,T97,200,1,-117892.4108,20,0.0508,200,0,0,1,-117892.4108,-117892.4108,0.0,1,,ml,42,0,68.85,
random_tree_201,ok,200,93,87,20,10,10,T161,T42,200,1,-110359.3343,14,0.0355,200,0,0,1,-110359.3343,-110359.3343,0.0,1,,ml,42,0,55.23,
random_tree_202,ok,200,114,66,20,13,7,T172,T25,200,1,-114923.9273,10,0.0254,200,0,0,1,-114923.9273,-114923.9273,0.0,1,,ml,42,0,66.71,
random_tree_203,ok,200,80,100,20,9,11,T132,T166,200,1,-117392.6147,22,0.0558,200,0,0,1,-117392.6147,-117392.6147,0.0,1,,ml,42,0,54.32,
random_tree_204,ok,200,97,83,20,11,9,T140,T77,200,1,-116594.6715,10,0.0254,200,0,0,1,-116594.6715,-116594.6715,0.0,1,,ml,42,0,54.5,
random_tree_205,ok,200,87,93,20,10,10,T30,T60,200,1,-114029.4621,20,0.0508,200,0,0,1,-114029.4621,-114029.4621,0.0,1,,ml,42,0,51.31,
random_tree_206,ok,200,89,91,20,10,10,T29,T61,200,1,-114131.5549,28,0.0711,200,0,0,1,-114131.5549,-114131.5549,0.0,1,,ml,42,0,52.69,
random_tree_207,ok,200,83,97,20,9,11,T126,T171,200,1,-115813.1023,22,0.0558,200,0,0,1,-115813.1023,-115813.1023,0.0,1,,ml,42,0,52.99,
random_tree_208,ok,200,89,91,20,10,10,T4,T56,200,1,-111683.8784,22,0.0558,200,0,0,1,-111683.8784,-111683.8784,0.0,1,,ml,42,0,53.47,
random_tree_209,ok,200,89,91,20,10,10,T3,T62,200,1,-115965.0075,26,0.066,200,0,0,1,-115965.0075,-115965.0075,0.0,1,,ml,42,0,47.87,
random_tree_210,ok,200,81,99,20,9,11,T119,T169,200,1,-115524.1799,18,0.0457,200,0,0,1,-115524.1799,-115524.1799,0.0,1,,ml,42,0,51.46,
random_tree_022,ok,200,92,88,20,10,10,T156,T6,200,1,-127908.3447,24,0.0609,200,0,0,1,-127908.3447,-127908.3447,0.0,1,,ml,42,0,78.66,
random_tree_211,ok,200,91,89,20,10,10,T186,T199,200,1,-121059.1583,12,0.0305,200,0,0,1,-121059.1583,-121059.1583,0.0,1,,ml,42,0,51.56,
random_tree_212,ok,200,96,84,20,11,9,T132,T79,200,1,-123694.1238,32,0.0812,200,0,0,1,-123694.1238,-123694.1238,0.0,1,,ml,42,0,59.41,
random_tree_213,ok,200,92,88,20,10,10,T16,T48,200,1,-119570.0331,22,0.0558,200,0,0,1,-119570.0331,-119570.0331,0.0,1,,ml,42,0,54.88,
random_tree_214,ok,200,89,91,20,10,10,T31,T60,200,1,-113221.1045,26,0.066,200,0,0,1,-113221.1045,-113221.1045,0.0,1,,ml,42,0,48.65,
random_tree_215,ok,200,97,83,20,11,9,T134,T75,200,1,-122049.6116,20,0.0508,200,0,0,1,-122049.6116,-122049.6116,0.0,1,,ml,42,0,55.83,
random_tree_216,ok,200,105,75,20,12,8,T163,T38,200,1,-114559.9924,26,0.066,200,0,0,1,-114559.9924,-114559.9924,0.0,1,,ml,42,0,58.84,
random_tree_217,ok,200,72,108,20,8,12,T144,T94,200,1,-120295.2507,16,0.0406,200,0,0,1,-120295.2507,-120295.2507,0.0,1,,ml,42,0,38.17,
random_tree_218,ok,200,78,102,20,9,11,T86,T186,200,1,-119276.8093,20,0.0508,200,0,0,1,-119276.8093,-119276.8093,0.0,1,,ml,42,0,32.75,
random_tree_219,ok,200,95,85,20,11,9,T144,T82,200,1,-118508.5955,20,0.0508,200,0,0,1,-118508.5955,-118508.5955,0.0,1,,ml,42,0,30.48,
random_tree_220,ok,200,87,93,20,10,10,T30,T58,200,1,-123102.3953,30,0.0761,200,0,0,1,-123102.3953,-123102.3953,0.0,1,,ml,42,0,34.99,
random_tree_023,ok,200,95,85,20,11,9,T146,T8,200,1,-124349.0693,14,0.0355,200,0,0,1,-124349.0693,-124349.0693,0.0,1,,ml,42,0,86.85,
random_tree_221,ok,200,74,106,20,8,12,T153,T92,200,1,-107467.3205,22,0.0558,200,0,0,1,-107467.3205,-107467.3205,0.0,1,,ml,42,0,32.08,
random_tree_222,ok,200,99,81,20,11,9,T113,T96,200,1,-119045.8592,6,0.0152,200,0,0,1,-119045.8592,-119045.8592,0.0,1,,ml,42,0,36.59,
random_tree_223,ok,200,72,108,20,8,12,T138,T92,200,1,-121209.3013,26,0.066,200,0,0,1,-121209.3013,-121209.3013,0.0,1,,ml,42,0,37.32,
random_tree_224,ok,200,71,109,20,8,12,T147,T92,200,1,-111392.6362,26,0.066,200,0,0,1,-111392.6362,-111392.6362,0.0,1,,ml,42,0,36.8,
random_tree_225,ok,200,74,106,20,8,12,T150,T9,200,1,-121837.6548,32,0.0812,200,0,0,1,-121837.6548,-121837.6548,0.0,1,,ml,42,0,38.7,
random_tree_226,ok,200,88,92,20,10,10,T200,T62,200,1,-112095.7181,18,0.0457,200,0,0,1,-112095.7181,-112095.7181,0.0,1,,ml,42,0,29.9,
random_tree_227,ok,200,85,95,20,10,10,T127,T16,200,1,-114240.7596,14,0.0355,200,0,0,1,-114240.7596,-114240.7596,0.0,1,,ml,42,0,35.12,
random_tree_228,ok,200,100,80,20,11,9,T155,T36,200,1,-115272.27,38,0.0964,200,0,0,1,-115272.27,-115272.27,0.0,1,,ml,42,0,34.02,
random_tree_229,ok,200,85,95,20,9,11,T125,T167,200,1,-121553.1881,12,0.0305,200,0,0,1,-121553.1881,-121553.1881,0.0,1,,ml,42,0,32.6,
random_tree_230,ok,200,80,100,20,9,11,T120,T185,200,1,-115597.943,20,0.0508,200,0,0,1,-115597.943,-115597.943,0.0,1,,ml,42,0,32.84,
random_tree_024,ok,200,88,92,20,10,10,T32,T56,200,1,-109472.9247,26,0.066,200,0,0,1,-109472.9247,-109472.9247,0.0,1,,ml,42,0,66.02,
random_tree_231,ok,200,84,96,20,9,11,T32,T75,200,1,-114392.4399,20,0.0508,200,0,0,1,-114392.4399,-114392.4399,0.0,1,,ml,42,0,32.16,
random_tree_232,ok,200,101,79,20,11,9,T165,T4,200,1,-121715.432,24,0.0609,200,0,0,1,-121715.432,-121715.432,0.0,1,,ml,42,0,32.9,
random_tree_233,ok,200,88,92,20,10,10,T27,T59,200,1,-118149.216,22,0.0558,200,0,0,1,-118149.216,-118149.216,0.0,1,,ml,42,0,31.52,
random_tree_234,ok,200,101,79,20,11,9,T158,T43,200,1,-111405.5232,24,0.0609,200,0,0,1,-111405.5232,-111405.5232,0.0,1,,ml,42,0,35.05,
random_tree_235,ok,200,108,72,20,12,8,T50,T32,200,1,-117250.7125,22,0.0558,200,0,0,1,-117250.7125,-117250.7125,0.0,1,,ml,42,0,35.13,
random_tree_236,ok,200,85,95,20,10,10,T123,T169,200,1,-116949.4728,18,0.0457,200,0,0,1,-116949.4728,-116949.4728,0.0,1,,ml,42,0,35.24,
random_tree_237,ok,200,85,95,20,10,10,T123,T171,200,1,-114342.3411,26,0.066,200,0,0,1,-114342.3411,-114342.3411,0.0,1,,ml,42,0,35.71,
random_tree_238,ok,200,94,86,20,10,10,T153,T58,200,1,-115198.8112,24,0.0609,200,0,0,1,-115198.8112,-115198.8112,0.0,1,,ml,42,0,30.38,
random_tree_239,ok,200,82,98,20,9,11,T124,T183,200,1,-114058.1822,12,0.0305,200,0,0,1,-114058.1822,-114058.1822,0.0,1,,ml,42,0,33.38,
random_tree_240,ok,200,88,92,20,10,10,T30,T61,200,1,-117079.1035,18,0.0457,200,0,0,1,-117079.1035,-117079.1035,0.0,1,,ml,42,0,31.71,
random_tree_025,ok,200,95,85,20,10,10,T170,T54,200,1,-113622.8806,12,0.0305,200,0,0,1,-113622.8806,-113622.8806,0.0,1,,ml,42,0,77.55,
random_tree_241,ok,200,83,97,20,9,11,T118,T181,200,1,-117966.8913,18,0.0457,200,0,0,1,-117966.8913,-117966.8913,0.0,1,,ml,42,0,33.1,
random_tree_242,ok,200,92,88,20,10,10,T152,T50,200,1,-121563.322,24,0.0609,200,0,0,1,-121563.322,-121563.322,0.0,1,,ml,42,0,36.39,
random_tree_243,ok,200,72,108,20,8,12,T147,T92,200,1,-118726.3261,14,0.0355,200,0,0,1,-118726.3261,-118726.3261,0.0,1,,ml,42,0,36.2,
random_tree_244,ok,200,88,92,20,10,10,T36,T59,200,1,-122505.3005,32,0.0812,200,0,0,1,-122505.3005,-122505.3005,0.0,1,,ml,42,0,33.48,
random_tree_245,ok,200,103,77,20,11,9,T2,T177,200,1,-117873.8941,24,0.0609,200,0,0,1,-117873.8941,-117873.8941,0.0,1,,ml,42,0,32.44,
random_tree_246,ok,200,114,66,20,13,7,T169,T25,200,1,-118245.6819,24,0.0609,200,0,0,1,-118245.6819,-118245.6819,0.0,1,,ml,42,0,36.55,
random_tree_247,ok,200,68,112,20,8,12,T13,T9,200,1,-112897.4248,28,0.0711,200,0,0,1,-112897.4248,-112897.4248,0.0,1,,ml,42,0,36.05,
random_tree_248,ok,200,98,82,20,11,9,T122,T99,200,1,-116598.2399,26,0.066,200,0,0,1,-116598.2399,-116598.2399,0.0,1,,ml,42,0,32.7,
random_tree_249,ok,200,87,93,20,10,10,T23,T72,200,1,-120378.526,26,0.066,200,0,0,1,-120378.526,-120378.526,0.0,1,,ml,42,0,33.78,
random_tree_250,ok,200,85,95,20,9,11,T121,T172,200,1,-110026.2169,16,0.0406,200,0,0,1,-110026.2169,-110026.2169,0.0,1,,ml,42,0,28.96,
random_tree_026,ok,200,89,91,20,10,10,T33,T56,200,1,-107631.2973,26,0.066,200,0,0,1,-107631.2973,-107631.2973,0.0,1,,ml,42,0,74.7,
random_tree_251,ok,200,91,89,20,10,10,T180,T197,200,1,-120959.1037,14,0.0355,200,0,0,1,-120959.1037,-120959.1037,0.0,1,,ml,42,0,31.94,
random_tree_252,ok,200,77,103,20,8,12,T194,T77,200,1,-115555.5235,12,0.0305,200,0,0,1,-115555.5235,-115555.5235,0.0,1,,ml,42,0,30.88,
random_tree_253,ok,200,69,111,20,8,12,T132,T81,200,1,-113402.6123,18,0.0457,200,0,0,1,-113402.6123,-113402.6123,0.0,1,,ml,42,0,39.89,
random_tree_254,ok,200,95,85,20,10,10,T151,T54,200,1,-111403.6349,18,0.0457,200,0,0,1,-111403.6349,-111403.6349,0.0,1,,ml,42,0,32.55,
random_tree_255,ok,200,97,83,20,11,9,T141,T70,200,1,-114800.9321,22,0.0558,200,0,0,1,-114800.9321,-114800.9321,0.0,1,,ml,42,0,30.21,
random_tree_256,ok,200,70,110,20,8,12,T150,T96,200,1,-117097.6789,30,0.0761,200,0,0,1,-117097.6789,-117097.6789,0.0,1,,ml,42,0,33.94,
random_tree_257,ok,200,90,90,20,10,10,T4,T50,200,1,-121267.6859,26,0.066,200,0,0,1,-121267.6859,-121267.6859,0.0,1,,ml,42,0,33.53,
random_tree_258,ok,200,102,78,20,11,9,T139,T75,200,1,-111984.6643,22,0.0558,200,0,0,1,-111984.6643,-111984.6643,0.0,1,,ml,42,0,37.47,
random_tree_259,ok,200,77,103,20,8,12,T22,T79,200,1,-118742.7544,28,0.0711,200,0,0,1,-118742.7544,-118742.7544,0.0,1,,ml,42,0,36.27,
random_tree_260,ok,200,94,86,20,10,10,T154,T51,200,1,-104084.7053,22,0.0558,200,0,0,1,-104084.7053,-104084.7053,0.0,1,,ml,42,0,30.64,
random_tree_027,ok,200,90,90,20,10,10,T45,T46,200,1,-114337.8018,30,0.0761,200,0,0,1,-114337.8018,-114337.8018,0.0,1,,ml,42,0,74.0,
random_tree_261,ok,200,75,105,20,8,12,T153,T9,200,1,-117687.7837,12,0.0305,200,0,0,1,-117687.7837,-117687.7837,0.0,1,,ml,42,0,34.07,
random_tree_262,ok,200,83,97,20,9,11,T123,T177,200,1,-116904.574,28,0.0711,200,0,0,1,-116904.574,-116904.574,0.0,1,,ml,42,0,29.62,
random_tree_263,ok,200,96,84,20,11,9,T143,T70,200,1,-118286.0471,22,0.0558,200,0,0,1,-118286.0471,-118286.0471,0.0,1,,ml,42,0,34.81,
random_tree_264,ok,200,74,106,20,8,12,T154,T88,200,1,-120311.5059,36,0.0914,200,0,0,1,-120311.5059,-120311.5059,0.0,1,,ml,42,0,36.98,
random_tree_265,ok,200,102,78,20,11,9,T139,T7,200,1,-112674.4011,26,0.066,200,0,0,1,-112674.4011,-112674.4011,0.0,1,,ml,42,0,35.96,
random_tree_266,ok,200,95,85,20,10,10,T153,T54,200,1,-124871.5383,16,0.0406,200,0,0,1,-124871.5383,-124871.5383,0.0,1,,ml,42,0,35.36,
random_tree_267,ok,200,71,109,20,8,12,T139,T98,200,1,-119200.0225,20,0.0508,200,0,0,1,-119200.0225,-119200.0225,0.0,1,,ml,42,0,37.01,
random_tree_268,ok,200,83,97,20,9,11,T129,T161,200,1,-110443.7076,16,0.0406,200,0,0,1,-110443.7076,-110443.7076,0.0,1,,ml,42,0,31.65,
random_tree_269,ok,200,77,103,20,8,12,T198,T76,200,1,-116950.6334,22,0.0558,200,0,0,1,-116950.6334,-116950.6334,0.0,1,,ml,42,0,33.76,
random_tree_270,ok,200,111,69,20,12,8,T73,T25,200,1,-109742.552,28,0.0711,200,0,0,1,-109742.552,-109742.552,0.0,1,,ml,42,0,34.72,
random_tree_028,ok,200,95,85,20,11,9,T144,T82,200,1,-121580.9577,32,0.0812,200,0,0,1,-121580.9577,-121580.9577,0.0,1,,ml,42,0,77.32,
random_tree_271,ok,200,74,106,20,8,12,T147,T9,200,1,-112491.0453,30,0.0761,200,0,0,1,-112491.0453,-112491.0453,0.0,1,,ml,42,0,34.41,
random_tree_272,ok,200,86,94,20,10,10,T32,T60,200,1,-112132.8268,16,0.0406,200,0,0,1,-112132.8268,-112132.8268,0.0,1,,ml,42,0,33.19,
random_tree_273,ok,200,83,97,20,9,11,T121,T169,200,1,-113874.4775,22,0.0558,200,0,0,1,-113874.4775,-113874.4775,0.0,1,,ml,42,0,31.09,
random_tree_274,ok,200,86,94,20,10,10,T39,T59,200,1,-112330.2601,40,0.1015,200,0,0,1,-112330.2601,-112330.2601,0.0,1,,ml,42,0,31.84,
random_tree_275,ok,200,86,94,20,10,10,T29,T61,200,1,-116478.3134,20,0.0508,200,0,0,1,-116478.3134,-116478.3134,0.0,1,,ml,42,0,32.45,
random_tree_276,ok,200,93,87,20,10,10,T153,T52,200,1,-122603.622,26,0.066,200,0,0,1,-122603.622,-122603.622,0.0,1,,ml,42,0,35.54,
random_tree_277,ok,200,109,71,20,12,8,T6,T29,200,1,-118574.9009,20,0.0508,200,0,0,1,-118574.9009,-118574.9009,0.0,1,,ml,42,0,35.31,
random_tree_278,ok,200,70,110,20,8,12,T144,T99,200,1,-118277.9654,26,0.066,200,0,0,1,-118277.9654,-118277.9654,0.0,1,,ml,42,0,37.76,
random_tree_279,ok,200,101,79,20,11,9,T160,T49,200,1,-116319.1777,20,0.0508,200,0,0,1,-116319.1777,-116319.1777,0.0,1,,ml,42,0,37.23,
random_tree_280,ok,200,75,105,20,8,12,T148,T89,200,1,-115331.9773,24,0.0609,200,0,0,1,-115331.9773,-115331.9773,0.0,1,,ml,42,0,36.06,
random_tree_029,ok,200,82,98,20,9,11,T128,T169,200,1,-114756.3904,36,0.0914,200,0,0,1,-114756.3904,-114756.3904,0.0,1,,ml,42,0,70.81,
random_tree_281,ok,200,70,110,20,8,12,T144,T99,200,1,-124209.9231,22,0.0558,200,0,0,1,-124209.9231,-124209.9231,0.0,1,,ml,42,0,35.98,
random_tree_282,ok,200,94,86,20,10,10,T152,T52,200,1,-120697.8857,20,0.0508,200,0,0,1,-120697.8857,-120697.8857,0.0,1,,ml,42,0,35.37,
random_tree_283,ok,200,78,102,20,9,11,T81,T187,200,1,-120802.4746,20,0.0508,200,0,0,1,-120802.4746,-120802.4746,0.0,1,,ml,42,0,39.7,
random_tree_284,ok,200,77,103,20,9,11,T200,T71,200,1,-123158.7577,16,0.0406,200,0,0,1,-123158.7577,-123158.7577,0.0,1,,ml,42,0,35.07,
random_tree_285,ok,200,74,106,20,8,12,T153,T90,200,1,-115566.6088,20,0.0508,200,0,0,1,-115566.6088,-115566.6088,0.0,1,,ml,42,0,36.59,
random_tree_286,ok,200,90,90,20,10,10,T44,T51,200,1,-115857.5128,20,0.0508,200,0,0,1,-115857.5128,-115857.5128,0.0,1,,ml,42,0,30.75,
random_tree_287,ok,200,71,109,20,8,12,T145,T95,200,1,-119949.0342,12,0.0305,200,0,0,1,-119949.0342,-119949.0342,0.0,1,,ml,42,0,38.41,
random_tree_288,ok,200,97,83,20,11,9,T130,T75,200,1,-123917.914,32,0.0812,200,0,0,1,-123917.914,-123917.914,0.0,1,,ml,42,0,38.36,
random_tree_289,ok,200,67,113,20,7,13,T136,T77,200,1,-120001.3356,12,0.0305,200,0,0,1,-120001.3356,-120001.3356,0.0,1,,ml,42,0,33.95,
random_tree_290,ok,200,77,103,20,8,12,T199,T79,200,1,-114760.0213,28,0.0711,200,0,0,1,-114760.0213,-114760.0213,0.0,1,,ml,42,0,38.52,
random_tree_030,ok,200,72,108,20,8,12,T141,T93,200,1,-122819.6236,14,0.0355,200,0,0,1,-122819.6236,-122819.6236,0.0,1,,ml,42,0,79.0,
random_tree_291,ok,200,91,89,20,10,10,T170,T33,200,1,-111229.5295,22,0.0558,200,0,0,1,-111229.5295,-111229.5295,0.0,1,,ml,42,0,31.88,
random_tree_292,ok,200,87,93,20,10,10,T30,T63,200,1,-114229.9525,12,0.0305,200,0,0,1,-114229.9525,-114229.9525,0.0,1,,ml,42,0,34.45,
random_tree_293,ok,200,92,88,20,10,10,T160,T57,200,1,-108104.8989,18,0.0457,200,0,0,1,-108104.8989,-108104.8989,0.0,1,,ml,42,0,35.39,
random_tree_294,ok,200,79,101,20,9,11,T81,T19,200,1,-121684.451,14,0.0355,200,0,0,1,-121684.451,-121684.451,0.0,1,,ml,42,0,36.58,
random_tree_295,ok,200,69,111,20,8,12,T13,T81,200,1,-110972.8623,16,0.0406,200,0,0,1,-110972.8623,-110972.8623,0.0,1,,ml,42,0,36.59,
random_tree_296,ok,200,79,101,20,9,11,T72,T200,200,1,-113255.985,18,0.0457,200,0,0,1,-113255.985,-113255.985,0.0,1,,ml,42,0,36.84,
random_tree_297,ok,200,86,94,20,10,10,T32,T59,200,1,-115999.141,14,0.0355,200,0,0,1,-115999.141,-115999.141,0.0,1,,ml,42,0,35.97,
random_tree_298,ok,200,99,81,20,11,9,T114,T96,200,1,-115300.9448,22,0.0558,200,0,0,1,-115300.9448,-115300.9448,0.0,1,,ml,42,0,34.49,
random_tree_299,ok,200,99,81,20,11,9,T114,T96,200,1,-115300.9448,22,0.0558,200,0,0,1,-115300.9448,-115300.9448,0.0,1,,ml,42,0,34.25,
random_tree_300,ok,200,85,95,20,9,11,T129,T165,200,1,-115944.6017,36,0.0914,200,0,0,1,-115944.6017,-115944.6017,0.0,1,,ml,42,0,36.7,
random_tree_004,ok,200,95,85,20,10,10,T165,T5,200,1,-115445.4632,30,0.0761,200,0,0,1,-115445.4632,-115445.4632,0.0,1,,ml,42,0,62.51,
random_tree_031,ok,200,90,90,20,10,10,T45,T46,200,1,-116325.6614,20,0.0508,200,0,0,1,-116325.6614,-116325.6614,0.0,1,,ml,42,0,73.79,
random_tree_301,ok,200,109,71,20,12,8,T68,T198,200,1,-116689.5368,16,0.0406,200,0,0,1,-116689.5368,-116689.5368,0.0,1,,ml,42,0,33.18,
random_tree_302,ok,200,70,110,20,8,12,T15,T99,200,1,-120259.0436,28,0.0711,200,0,0,1,-120259.0436,-120259.0436,0.0,1,,ml,42,0,35.88,
random_tree_303,ok,200,87,93,20,10,10,T38,T50,200,1,-119523.3765,16,0.0406,200,0,0,1,-119523.3765,-119523.3765,0.0,1,,ml,42,0,33.9,
random_tree_304,ok,200,67,113,20,8,12,T129,T86,200,1,-115029.4197,26,0.066,200,0,0,1,-115029.4197,-115029.4197,0.0,1,,ml,42,0,34.61,
random_tree_305,ok,200,88,92,20,10,10,T30,T62,200,1,-114887.4924,26,0.066,200,0,0,1,-114887.4924,-114887.4924,0.0,1,,ml,42,0,35.02,
random_tree_306,ok,200,71,109,20,8,12,T140,T97,200,1,-116375.8783,6,0.0152,200,0,0,1,-116375.8783,-116375.8783,0.0,1,,ml,42,0,36.52,
random_tree_307,ok,200,109,71,20,12,8,T55,T29,200,1,-116428.4927,22,0.0558,200,0,0,1,-116428.4927,-116428.4927,0.0,1,,ml,42,0,35.53,
random_tree_308,ok,200,89,91,20,10,10,T33,T54,200,1,-110956.2586,26,0.066,200,0,0,1,-110956.2586,-110956.2586,0.0,1,,ml,42,0,30.25,
random_tree_309,ok,200,104,76,20,12,8,T158,T40,200,1,-114431.3278,24,0.0609,200,0,0,1,-114431.3278,-114431.3278,0.0,1,,ml,42,0,34.53,
random_tree_310,ok,200,88,92,20,10,10,T34,T62,200,1,-109737.0653,22,0.0558,200,0,0,1,-109737.0653,-109737.0653,0.0,1,,ml,42,0,31.94,
random_tree_032,ok,200,84,96,20,9,11,T21,T67,200,1,-117794.4122,28,0.0711,200,0,0,1,-117794.4122,-117794.4122,0.0,1,,ml,42,0,75.43,
random_tree_311,ok,200,84,96,20,9,11,T27,T58,200,1,-110936.1826,14,0.0355,200,0,0,1,-110936.1826,-110936.1826,0.0,1,,ml,42,0,28.71,
random_tree_312,ok,200,63,117,20,7,13,T83,T106,200,1,-113877.9497,16,0.0406,200,0,0,1,-113877.9497,-113877.9497,0.0,1,,ml,42,0,34.02,
random_tree_313,ok,200,101,79,20,11,9,T153,T50,200,1,-114038.2031,16,0.0406,200,0,0,1,-114038.2031,-114038.2031,0.0,1,,ml,42,0,35.48,
random_tree_314,ok,200,82,98,20,9,11,T12,T175,200,1,-113369.8228,32,0.0812,200,0,0,1,-113369.8228,-113369.8228,0.0,1,,ml,42,0,33.12,
random_tree_315,ok,200,92,88,20,10,10,T151,T55,200,1,-120816.9463,26,0.066,200,0,0,1,-120816.9463,-120816.9463,0.0,1,,ml,42,0,33.9,
random_tree_316,ok,200,101,79,20,11,9,T153,T50,200,1,-109542.6661,22,0.0558,200,0,0,1,-109542.6661,-109542.6661,0.0,1,,ml,42,0,32.69,
random_tree_317,ok,200,81,99,20,9,11,T127,T177,200,1,-120801.3481,24,0.0609,200,0,0,1,-120801.3481,-120801.3481,0.0,1,,ml,42,0,33.11,
random_tree_318,ok,200,95,85,20,11,9,T136,T86,200,1,-119078.1034,20,0.0508,200,0,0,1,-119078.1034,-119078.1034,0.0,1,,ml,42,0,32.22,
random_tree_319,ok,200,108,72,20,12,8,T64,T200,200,1,-112524.7241,22,0.0558,200,0,0,1,-112524.7241,-112524.7241,0.0,1,,ml,42,0,34.4,
random_tree_320,ok,200,103,77,20,11,9,T196,T189,200,1,-110607.9486,20,0.0508,200,0,0,1,-110607.9486,-110607.9486,0.0,1,,ml,42,0,36.82,
random_tree_033,ok,200,95,85,20,11,9,T142,T82,200,1,-117574.3392,18,0.0457,200,0,0,1,-117574.3392,-117574.3392,0.0,1,,ml,42,0,74.93,
random_tree_321,ok,200,95,85,20,11,9,T136,T86,200,1,-118491.3305,10,0.0254,200,0,0,1,-118491.3305,-118491.3305,0.0,1,,ml,42,0,33.36,
random_tree_322,ok,200,91,89,20,10,10,T171,T25,200,1,-111477.0066,40,0.1015,200,0,0,1,-111477.0066,-111477.0066,0.0,1,,ml,42,0,34.76,
random_tree_323,ok,200,91,89,20,10,10,T181,T26,200,1,-110255.8153,12,0.0305,200,0,0,1,-110255.8153,-110255.8153,0.0,1,,ml,42,0,32.67,
random_tree_324,ok,200,108,72,20,12,8,T51,T25,200,1,-117280.2232,44,0.1117,200,0,0,1,-117280.2232,-117280.2232,0.0,1,,ml,42,0,35.52,
random_tree_325,ok,200,117,63,20,13,7,T92,T14,200,1,-116176.3185,8,0.0203,200,0,0,1,-116176.3185,-116176.3185,0.0,1,,ml,42,0,33.92,
random_tree_326,ok,200,81,99,20,9,11,T130,T17,200,1,-108287.9742,20,0.0508,200,0,0,1,-108287.9742,-108287.9742,0.0,1,,ml,42,0,29.2,
random_tree_327,ok,200,77,103,20,8,12,T28,T69,200,1,-113793.2601,24,0.0609,200,0,0,1,-113793.2601,-113793.2601,0.0,1,,ml,42,0,32.46,
random_tree_328,ok,200,101,79,20,11,9,T158,T32,200,1,-114205.1508,22,0.0558,200,0,0,1,-114205.1508,-114205.1508,0.0,1,,ml,42,0,28.18,
random_tree_329,ok,200,108,72,20,12,8,T66,T197,200,1,-113533.6487,20,0.0508,200,0,0,1,-113533.6487,-113533.6487,0.0,1,,ml,42,0,28.94,
random_tree_330,ok,200,89,91,20,10,10,T41,T48,200,1,-121391.0182,28,0.0711,200,0,0,1,-121391.0182,-121391.0182,0.0,1,,ml,42,0,30.44,
random_tree_034,ok,200,100,80,20,11,9,T172,T33,200,1,-118843.6853,20,0.0508,200,0,0,1,-118843.6853,-118843.6853,0.0,1,,ml,42,0,73.81,
random_tree_331,ok,200,77,103,20,9,11,T22,T74,200,1,-111434.4208,22,0.0558,200,0,0,1,-111434.4208,-111434.4208,0.0,1,,ml,42,0,28.73,
random_tree_332,ok,200,97,83,20,11,9,T130,T81,200,1,-112441.3458,30,0.0761,200,0,0,1,-112441.3458,-112441.3458,0.0,1,,ml,42,0,30.43,
random_tree_333,ok,200,94,86,20,10,10,T149,T58,200,1,-116496.5086,22,0.0558,200,0,0,1,-116496.5086,-116496.5086,0.0,1,,ml,42,0,29.79,
random_tree_334,ok,200,82,98,20,9,11,T134,T165,200,1,-114101.5065,16,0.0406,200,0,0,1,-114101.5065,-114101.5065,0.0,1,,ml,42,0,28.44,
random_tree_335,ok,200,108,72,20,12,8,T49,T32,200,1,-110907.8044,26,0.066,200,0,0,1,-110907.8044,-110907.8044,0.0,1,,ml,42,0,32.07,
random_tree_336,ok,200,67,113,20,7,13,T125,T74,200,1,-115631.4543,28,0.0711,200,0,0,1,-115631.4543,-115631.4543,0.0,1,,ml,42,0,31.87,
random_tree_337,ok,200,94,86,20,10,10,T147,T51,200,1,-115536.1273,16,0.0406,200,0,0,1,-115536.1273,-115536.1273,0.0,1,,ml,42,0,27.91,
random_tree_338,ok,200,95,85,20,10,10,T156,T54,200,1,-112430.9473,22,0.0558,200,0,0,1,-112430.9473,-112430.9473,0.0,1,,ml,42,0,26.84,
random_tree_339,ok,200,89,91,20,10,10,T30,T55,200,1,-117595.7433,24,0.0609,200,0,0,1,-117595.7433,-117595.7433,0.0,1,,ml,42,0,38.63,
random_tree_340,ok,200,79,101,20,9,11,T84,T198,200,1,-119739.0996,14,0.0355,200,0,0,1,-119739.0996,-119739.0996,0.0,1,,ml,42,0,35.56,
random_tree_035,ok,200,72,108,20,8,12,T137,T96,200,1,-115449.3772,16,0.0406,200,0,0,1,-115449.3772,-115449.3772,0.0,1,,ml,42,0,76.38,
random_tree_341,ok,200,95,85,20,10,10,T146,T55,200,1,-118584.9627,14,0.0355,200,0,0,1,-118584.9627,-118584.9627,0.0,1,,ml,42,0,40.18,
random_tree_342,ok,200,85,95,20,9,11,T135,T162,200,1,-110873.4302,22,0.0558,200,0,0,1,-110873.4302,-110873.4302,0.0,1,,ml,42,0,38.2,
random_tree_343,ok,200,84,96,20,9,11,T36,T54,200,1,-107139.1439,20,0.0508,200,0,0,1,-107139.1439,-107139.1439,0.0,1,,ml,42,0,44.47,
random_tree_344,ok,200,68,112,20,8,12,T129,T81,200,1,-118812.1677,28,0.0711,200,0,0,1,-118812.1677,-118812.1677,0.0,1,,ml,42,0,50.01,
random_tree_345,ok,200,92,88,20,10,10,T152,T51,200,1,-119556.0047,2,0.0051,200,0,0,1,-119556.0047,-119556.0047,0.0,1,,ml,42,0,44.89,
random_tree_346,ok,200,92,88,20,10,10,T152,T51,200,1,-119556.0047,2,0.0051,200,0,0,1,-119556.0047,-119556.0047,0.0,1,,ml,42,0,42.49,
random_tree_347,ok,200,85,95,20,10,10,T131,T162,200,1,-119763.5278,18,0.0457,200,0,0,1,-119763.5278,-119763.5278,0.0,1,,ml,42,0,48.19,
random_tree_348,ok,200,95,85,20,11,9,T132,T73,200,1,-109247.2699,18,0.0457,200,0,0,1,-109247.2699,-109247.2699,0.0,1,,ml,42,0,47.76,
random_tree_350,ok,200,89,91,20,10,10,T28,T61,200,1,-117131.7448,22,0.0558,200,0,0,1,-117131.7448,-117131.7448,0.0,1,,ml,42,0,50.94,
random_tree_036,ok,200,91,89,20,10,10,T179,T25,200,1,-117421.5932,24,0.0609,200,0,0,1,-117421.5932,-117421.5932,0.0,1,,ml,42,0,80.09,
random_tree_351,ok,200,77,103,20,8,12,T197,T83,200,1,-126546.4689,42,0.1066,200,0,0,1,-126546.4689,-126546.4689,0.0,1,,ml,42,0,51.07,
random_tree_352,ok,200,110,70,20,12,8,T73,T194,200,1,-119923.0128,28,0.0711,200,0,0,1,-119923.0128,-119923.0128,0.0,1,,ml,42,0,45.92,
random_tree_353,ok,200,77,103,20,8,12,T197,T83,200,1,-120430.8321,22,0.0558,200,0,0,1,-120430.8321,-120430.8321,0.0,1,,ml,42,0,47.53,
random_tree_354,ok,200,75,105,20,8,12,T142,T92,200,1,-112554.2957,16,0.0406,200,0,0,1,-112554.2957,-112554.2957,0.0,1,,ml,42,0,43.71,
random_tree_355,ok,200,88,92,20,10,10,T26,T55,200,1,-116970.5126,18,0.0457,200,0,0,1,-116970.5126,-116970.5126,0.0,1,,ml,42,0,105.18,
random_tree_356,ok,200,88,92,20,10,10,T32,T57,200,1,-120474.7444,22,0.0558,200,0,0,1,-120474.7444,-120474.7444,0.0,1,,ml,42,0,108.59,
random_tree_357,ok,200,90,90,20,10,10,T44,T46,200,1,-109316.3038,14,0.0355,200,0,0,1,-109316.3038,-109316.3038,0.0,1,,ml,42,0,117.54,
random_tree_358,ok,200,103,77,20,12,8,T196,T184,200,1,-113627.9743,26,0.066,200,0,0,1,-113627.9743,-113627.9743,0.0,1,,ml,42,0,114.36,
random_tree_359,ok,200,97,83,20,11,9,T130,T77,200,1,-117626.3801,34,0.0863,200,0,0,1,-117626.3801,-117626.3801,0.0,1,,ml,42,0,119.93,
random_tree_360,ok,200,89,91,20,10,10,T32,T65,200,1,-110224.9848,12,0.0305,200,0,0,1,-110224.9848,-110224.9848,0.0,1,,ml,42,0,119.73,
random_tree_037,ok,200,93,87,20,10,10,T162,T58,200,1,-110480.899,18,0.0457,200,0,0,1,-110480.899,-110480.899,0.0,1,,ml,42,0,79.82,
random_tree_361,ok,200,113,67,20,13,7,T166,T29,200,1,-104248.4129,36,0.0914,200,0,0,1,-104248.4129,-104248.4129,0.0,1,,ml,42,0,128.31,
random_tree_362,ok,200,90,90,20,10,10,T38,T55,200,1,-114517.054,28,0.0711,200,0,0,1,-114517.054,-114517.054,0.0,1,,ml,42,0,127.04,
random_tree_363,ok,200,85,95,20,10,10,T136,T159,200,1,-122930.0979,24,0.0609,200,0,0,1,-122930.0979,-122930.0979,0.0,1,,ml,42,0,112.16,
random_tree_364,ok,200,87,93,20,10,10,T36,T64,200,1,-122646.4005,20,0.0508,200,0,0,1,-122646.4005,-122646.4005,0.0,1,,ml,42,0,131.14,
random_tree_365,ok,200,90,90,20,10,10,T47,T45,200,1,-118185.5209,22,0.0558,200,0,0,1,-118185.5209,-118185.5209,0.0,1,,ml,42,0,132.9,
random_tree_366,ok,200,89,91,20,10,10,T40,T53,200,1,-109543.3779,44,0.1117,200,0,0,1,-109543.3779,-109543.3779,0.0,1,,ml,42,0,111.0,
random_tree_367,ok,200,89,91,20,10,10,T23,T62,200,1,-115403.5292,20,0.0508,200,0,0,1,-115403.5292,-115403.5292,0.0,1,,ml,42,0,101.77,
random_tree_368,ok,200,81,99,20,9,11,T119,T172,200,1,-111146.6516,26,0.066,200,0,0,1,-111146.6516,-111146.6516,0.0,1,,ml,42,0,119.59,
random_tree_369,ok,200,97,83,20,11,9,T137,T77,200,1,-120021.1572,26,0.066,200,0,0,1,-120021.1572,-120021.1572,0.0,1,,ml,42,0,101.35,
random_tree_370,ok,200,66,114,20,7,13,T128,T80,200,1,-110746.7979,22,0.0558,200,0,0,1,-110746.7979,-110746.7979,0.0,1,,ml,42,0,122.19,
random_tree_038,ok,200,95,85,20,11,9,T14,T77,200,1,-115666.2834,34,0.0863,200,0,0,1,-115666.2834,-115666.2834,0.0,1,,ml,42,0,72.35,
random_tree_371,ok,200,91,89,20,10,10,T181,T22,200,1,-113696.5616,14,0.0355,200,0,0,1,-113696.5616,-113696.5616,0.0,1,,ml,42,0,94.42,
random_tree_372,ok,200,78,102,20,9,11,T81,T179,200,1,-106778.5064,28,0.0711,200,0,0,1,-106778.5064,-106778.5064,0.0,1,,ml,42,0,105.61,
random_tree_373,ok,200,88,92,20,10,10,T31,T59,200,1,-109682.0695,24,0.0609,200,0,0,1,-109682.0695,-109682.0695,0.0,1,,ml,42,0,112.37,
random_tree_374,ok,200,70,110,20,8,12,T149,T98,200,1,-115352.7607,22,0.0558,200,0,0,1,-115352.7607,-115352.7606,0.0001,1,,ml,42,0,121.21,
random_tree_375,ok,200,69,111,20,8,12,T127,T75,200,1,-116836.3487,30,0.0761,200,0,0,1,-116836.3487,-116836.3487,0.0,1,,ml,42,0,109.07,
random_tree_376,ok,200,86,94,20,10,10,T34,T54,200,1,-119150.2276,36,0.0914,200,0,0,1,-119150.2276,-119150.2276,0.0,1,,ml,42,0,111.63,
random_tree_377,ok,200,100,80,20,11,9,T147,T45,200,1,-115209.1544,18,0.0457,200,0,0,1,-115209.1544,-115209.1544,0.0,1,,ml,42,0,118.12,
random_tree_378,ok,200,90,90,20,10,10,T38,T57,200,1,-117144.1975,14,0.0355,200,0,0,1,-117144.1975,-117144.1975,0.0,1,,ml,42,0,107.57,
random_tree_379,ok,200,81,99,20,9,11,T125,T169,200,1,-117062.4869,20,0.0508,200,0,0,1,-117062.4869,-117062.4869,0.0,1,,ml,42,0,117.37,
random_tree_380,ok,200,93,87,20,10,10,T147,T58,200,1,-116040.1685,14,0.0355,200,0,0,1,-116040.1685,-116040.1685,0.0,1,,ml,42,0,106.84,
random_tree_039,ok,200,95,85,20,10,10,T161,T46,200,1,-118039.1702,24,0.0609,200,0,0,1,-118039.1702,-118039.1702,0.0,1,,ml,42,0,75.98,
random_tree_381,ok,200,90,90,20,10,10,T36,T59,200,1,-112803.6534,18,0.0457,200,0,0,1,-112803.6534,-112803.6534,0.0,1,,ml,42,0,101.27,
random_tree_382,ok,200,67,113,20,7,13,T126,T78,200,1,-114807.2082,32,0.0812,200,0,0,1,-114807.2082,-114807.2082,0.0,1,,ml,42,0,109.67,
random_tree_383,ok,200,76,104,20,8,12,T193,T69,200,1,-114333.7464,22,0.0558,200,0,0,1,-114333.7464,-114333.7464,0.0,1,,ml,42,0,37.36,
random_tree_384,ok,200,99,81,20,11,9,T120,T98,200,1,-110222.6419,30,0.0761,200,0,0,1,-110222.6419,-110222.6419,0.0,1,,ml,42,0,38.39,
random_tree_385,ok,200,84,96,20,9,11,T26,T68,200,1,-116812.049,40,0.1015,200,0,0,1,-116812.049,-116812.049,0.0,1,,ml,42,0,40.51,
random_tree_386,ok,200,101,79,20,11,9,T147,T58,200,1,-115569.577,24,0.0609,200,0,0,1,-115569.577,-115569.577,0.0,1,,ml,42,0,44.28,
random_tree_387,ok,200,67,113,20,7,13,T124,T81,200,1,-112902.557,20,0.0508,200,0,0,1,-112902.557,-112902.557,0.0,1,,ml,42,0,42.08,
random_tree_388,ok,200,98,82,20,11,9,T123,T98,200,1,-124883.9374,28,0.0711,200,0,0,1,-124883.9374,-124883.9374,0.0,1,,ml,42,0,42.37,
random_tree_389,ok,200,71,109,20,8,12,T144,T94,200,1,-119161.535,20,0.0508,200,0,0,1,-119161.535,-119161.535,0.0,1,,ml,42,0,40.71,
random_tree_390,ok,200,89,91,20,10,10,T33,T59,200,1,-120210.0381,14,0.0355,200,0,0,1,-120210.0381,-120210.0381,0.0,1,,ml,42,0,44.73,
random_tree_040,ok,200,91,89,20,10,10,T182,T199,200,1,-118275.1189,22,0.0558,200,0,0,1,-118275.1189,-118275.1189,0.0,1,,ml,42,0,73.89,
random_tree_391,ok,200,75,105,20,8,12,T14,T88,200,1,-115268.91,22,0.0558,200,0,0,1,-115268.91,-115268.91,0.0,1,,ml,42,0,42.5,
random_tree_392,ok,200,68,112,20,8,12,T13,T81,200,1,-112219.9169,22,0.0558,200,0,0,1,-112219.9169,-112219.9169,0.0,1,,ml,42,0,45.3,
random_tree_393,ok,200,83,97,20,9,11,T125,T159,200,1,-111302.0426,20,0.0508,200,0,0,1,-111302.0426,-111302.0426,0.0,1,,ml,42,0,37.97,
random_tree_394,ok,200,83,97,20,9,11,T124,T172,200,1,-116345.2782,24,0.0609,200,0,0,1,-116345.2782,-116345.2782,0.0,1,,ml,42,0,34.14,
random_tree_395,ok,200,74,106,20,8,12,T158,T84,200,1,-114638.2191,16,0.0406,200,0,0,1,-114638.2191,-114638.2191,0.0,1,,ml,42,0,37.39,
random_tree_005,ok,200,66,114,20,7,13,T133,T82,200,1,-114412.6446,16,0.0406,200,0,0,1,-114412.6446,-114412.6446,0.0,1,,ml,42,0,75.96,
random_tree_041,ok,200,77,103,20,8,12,T25,T7,200,1,-110031.2536,14,0.0355,200,0,0,1,-110031.2536,-110031.2536,0.0,1,,ml,42,0,64.81,
random_tree_042,ok,200,81,99,20,9,11,T116,T184,200,1,-116865.3134,16,0.0406,200,0,0,1,-116865.3134,-116865.3134,0.0,1,,ml,42,0,64.06,
random_tree_043,ok,200,67,113,20,7,13,T132,T75,200,1,-112886.8637,14,0.0355,200,0,0,1,-112886.8637,-112886.8637,0.0,1,,ml,42,0,72.36,
random_tree_044,ok,200,63,117,20,7,13,T81,T112,200,1,-107625.4674,12,0.0305,200,0,0,1,-107625.4674,-107625.4674,0.0,1,,ml,42,0,67.83,
random_tree_045,ok,200,105,75,20,12,8,T176,T34,200,1,-119103.48,34,0.0863,200,0,0,1,-119103.48,-119103.48,0.0,1,,ml,42,0,63.55,
random_tree_046,ok,200,67,113,20,7,13,T132,T75,200,1,-125583.1924,14,0.0355,200,0,0,1,-125583.1924,-125583.1924,0.0,1,,ml,42,0,76.17,
random_tree_047,ok,200,98,82,20,11,9,T117,T99,200,1,-112790.1375,30,0.0761,200,0,0,1,-112790.1375,-112790.1375,0.0,1,,ml,42,0,65.49,
random_tree_048,ok,200,90,90,20,10,10,T40,T5,200,1,-109812.2421,20,0.0508,200,0,0,1,-109812.2421,-109812.2421,0.0,1,,ml,42,0,60.91,
random_tree_049,ok,200,85,95,20,10,10,T127,T162,200,1,-116886.9286,26,0.066,200,0,0,1,-116886.9286,-116886.9286,0.0,1,,ml,42,0,67.61,
random_tree_050,ok,200,101,79,20,11,9,T16,T57,200,1,-112074.1498,26,0.066,200,0,0,1,-112074.1498,-112074.1498,0.0,1,,ml,42,0,75.64,
random_tree_006,ok,200,82,98,20,9,11,T122,T18,200,1,-118692.4667,18,0.0457,200,0,0,1,-118692.4667,-118692.4667,0.0,1,,ml,42,0,49.39,
random_tree_051,ok,200,113,67,20,13,7,T176,T28,200,1,-114448.004,18,0.0457,200,0,0,1,-114448.004,-114448.004,0.0,1,,ml,42,0,73.25,
random_tree_052,ok,200,85,95,20,10,10,T125,T168,200,1,-117174.3954,10,0.0254,200,0,0,1,-117174.3954,-117174.3954,0.0,1,,ml,42,0,72.78,
random_tree_053,ok,200,78,102,20,9,11,T79,T189,200,1,-121055.2549,18,0.0457,200,0,0,1,-121055.2549,-121055.2549,0.0,1,,ml,42,0,61.82,
random_tree_524,ok,200,77,103,20,9,11,T198,T75,200,1,-117852.6526,26,0.066,200,0,0,1,-117852.6526,-117852.6526,0.0,1,,ml,42,0,65.25,
random_tree_525,ok,200,97,83,20,11,9,T133,T84,200,1,-116757.9861,22,0.0558,200,0,0,1,-116757.9861,-116757.9861,0.0,1,,ml,42,0,66.9,
random_tree_526,ok,200,65,115,20,7,13,T13,T89,200,1,-122072.7956,24,0.0609,200,0,0,1,-122072.7956,-122072.7956,0.0,1,,ml,42,0,75.83,
random_tree_527,ok,200,70,110,20,8,12,T140,T97,200,1,-120256.1087,32,0.0812,200,0,0,1,-120256.1087,-120256.1087,0.0,1,,ml,42,0,75.52,
random_tree_528,ok,200,98,82,20,11,9,T121,T99,200,1,-118397.049,14,0.0355,200,0,0,1,-118397.049,-118397.049,0.0,1,,ml,42,0,71.03,
random_tree_529,ok,200,88,92,20,10,10,T23,T62,200,1,-109478.5875,26,0.066,200,0,0,1,-109478.5875,-109478.5875,0.0,1,,ml,42,0,62.52,
random_tree_530,ok,200,66,114,20,7,13,T123,T83,200,1,-116078.3427,22,0.0558,200,0,0,1,-116078.3427,-116078.3427,0.0,1,,ml,42,0,75.43,
random_tree_054,ok,200,87,93,20,10,10,T30,T61,200,1,-118305.5339,24,0.0609,200,0,0,1,-118305.5339,-118305.5339,0.0,1,,ml,42,0,60.29,
random_tree_531,ok,200,70,110,20,8,12,T143,T99,200,1,-112967.4978,36,0.0914,200,0,0,1,-112967.4978,-112967.4978,0.0,1,,ml,42,0,70.04,
random_tree_532,ok,200,86,94,20,10,10,T37,T58,200,1,-115575.7836,22,0.0558,200,0,0,1,-115575.7836,-115575.7836,0.0,1,,ml,42,0,69.41,
random_tree_533,ok,200,69,111,20,8,12,T13,T7,200,1,-112913.4787,26,0.066,200,0,0,1,-112913.4787,-112913.4787,0.0,1,,ml,42,0,71.36,
random_tree_534,ok,200,77,103,20,8,12,T196,T81,200,1,-112949.5593,28,0.0711,200,0,0,1,-112949.5593,-112949.5593,0.0,1,,ml,42,0,68.75,
random_tree_535,ok,200,80,100,20,9,11,T123,T176,200,1,-111376.3389,26,0.066,200,0,0,1,-111376.3389,-111376.3389,0.0,1,,ml,42,0,83.34,
random_tree_536,ok,200,90,90,20,10,10,T48,T44,200,1,-114136.6679,24,0.0609,200,0,0,1,-114136.6679,-114136.6679,0.0,1,,ml,42,0,70.4,
random_tree_537,ok,200,66,114,20,7,13,T129,T88,200,1,-110838.51,18,0.0457,200,0,0,1,-110838.51,-110838.51,0.0,1,,ml,42,0,73.85,
random_tree_538,ok,200,84,96,20,9,11,T34,T61,200,1,-115858.9545,32,0.0812,200,0,0,1,-115858.9545,-115858.9545,0.0,1,,ml,42,0,62.44,
random_tree_539,ok,200,95,85,20,10,10,T157,T50,200,1,-121125.4141,10,0.0254,200,0,0,1,-121125.4141,-121125.4141,0.0,1,,ml,42,0,74.26,
random_tree_540,ok,200,70,110,20,8,12,T148,T97,200,1,-119260.1229,20,0.0508,200,0,0,1,-119260.1229,-119260.1229,0.0,1,,ml,42,0,79.37,
random_tree_055,ok,200,89,91,20,10,10,T3,T60,200,1,-120975.4654,14,0.0355,200,0,0,1,-120975.4654,-120975.4654,0.0,1,,ml,42,0,62.22,
random_tree_541,ok,200,74,106,20,8,12,T144,T89,200,1,-116051.5129,36,0.0914,200,0,0,1,-116051.5129,-116051.5129,0.0,1,,ml,42,0,74.16,
random_tree_542,ok,200,95,85,20,11,9,T130,T80,200,1,-116016.1286,6,0.0152,200,0,0,1,-116016.1286,-116016.1286,0.0,1,,ml,42,0,80.38,
random_tree_543,ok,200,110,70,20,12,8,T62,T22,200,1,-106929.6958,26,0.066,200,0,0,1,-106929.6958,-106929.6958,0.0,1,,ml,42,0,71.18,
random_tree_544,ok,200,90,90,20,10,10,T38,T50,200,1,-119979.5473,22,0.0558,200,0,0,1,-119979.5473,-119979.5473,0.0,1,,ml,42,0,73.85,
random_tree_545,ok,200,82,98,20,9,11,T123,T171,200,1,-112582.2198,14,0.0355,200,0,0,1,-112582.2198,-112582.2198,0.0,1,,ml,42,0,70.53,
random_tree_546,ok,200,99,81,20,11,9,T121,T96,200,1,-112345.0675,30,0.0761,200,0,0,1,-112345.0675,-112345.0675,0.0,1,,ml,42,0,69.87,
random_tree_547,ok,200,87,93,20,10,10,T32,T59,200,1,-109372.2631,28,0.0711,200,0,0,1,-109372.2631,-109372.2631,0.0,1,,ml,42,0,68.16,
random_tree_548,ok,200,81,99,20,9,11,T12,T179,200,1,-120557.4659,20,0.0508,200,0,0,1,-120557.4659,-120557.4659,0.0,1,,ml,42,0,69.99,
random_tree_549,ok,200,97,83,20,11,9,T132,T81,200,1,-116627.4226,20,0.0508,200,0,0,1,-116627.4226,-116627.4226,0.0,1,,ml,42,0,73.34,
random_tree_550,ok,200,79,101,20,9,11,T85,T200,200,1,-117363.5812,20,0.0508,200,0,0,1,-117363.5812,-117363.5812,0.0,1,,ml,42,0,72.05,
random_tree_056,ok,200,84,96,20,9,11,T23,T69,200,1,-112590.9306,22,0.0558,200,0,0,1,-112590.9306,-112590.9306,0.0,1,,ml,42,0,57.48,
random_tree_551,ok,200,85,95,20,10,10,T119,T165,200,1,-111078.3794,16,0.0406,200,0,0,1,-111078.3794,-111078.3794,0.0,1,,ml,42,0,70.61,
random_tree_552,ok,200,93,87,20,10,10,T17,T43,200,1,-120792.1212,26,0.066,200,0,0,1,-120792.1212,-120792.1212,0.0,1,,ml,42,0,81.43,
random_tree_553,ok,200,86,94,20,10,10,T33,T59,200,1,-119640.2352,10,0.0254,200,0,0,1,-119640.2352,-119640.2352,0.0,1,,ml,42,0,76.25,
random_tree_554,ok,200,70,110,20,8,12,T144,T99,200,1,-114734.7417,16,0.0406,200,0,0,1,-114734.7417,-114734.7417,0.0,1,,ml,42,0,80.61,
random_tree_555,ok,200,85,95,20,9,11,T123,T160,200,1,-118691.2487,16,0.0406,200,0,0,1,-118691.2487,-118691.2487,0.0,1,,ml,42,0,71.91,
random_tree_556,ok,200,84,96,20,9,11,T25,T70,200,1,-113169.7559,32,0.0812,200,0,0,1,-113169.7559,-113169.7559,0.0,1,,ml,42,0,75.02,
random_tree_557,ok,200,66,114,20,7,13,T129,T88,200,1,-112046.0657,6,0.0152,200,0,0,1,-112046.0657,-112046.0657,0.0,1,,ml,42,0,78.08,
random_tree_558,ok,200,85,95,20,9,11,T126,T173,200,1,-111941.0224,30,0.0761,200,0,0,1,-111941.0224,-111941.0224,0.0,1,,ml,42,0,71.31,
random_tree_559,ok,200,92,88,20,10,10,T153,T51,200,1,-111974.7146,22,0.0558,200,0,0,1,-111974.7146,-111974.7146,0.0,1,,ml,42,0,64.26,
random_tree_560,ok,200,106,74,20,12,8,T159,T36,200,1,-114603.0412,18,0.0457,200,0,0,1,-114603.0412,-114603.0412,0.0,1,,ml,42,0,82.59,
random_tree_057,ok,200,104,76,20,12,8,T16,T38,200,1,-116655.0201,4,0.0102,200,0,0,1,-116655.0201,-116655.0201,0.0,1,,ml,42,0,55.38,
random_tree_561,ok,200,104,76,20,12,8,T159,T37,200,1,-124251.3906,20,0.0508,200,0,0,1,-124251.3906,-124251.3906,0.0,1,,ml,42,0,85.02,
random_tree_562,ok,200,80,100,20,9,11,T126,T166,200,1,-113426.6546,30,0.0761,200,0,0,1,-113426.6546,-113426.6546,0.0,1,,ml,42,0,75.11,
random_tree_563,ok,200,81,99,20,9,11,T128,T176,200,1,-119188.5316,22,0.0558,200,0,0,1,-119188.5316,-119188.5316,0.0,1,,ml,42,0,86.97,
random_tree_564,ok,200,97,83,20,11,9,T132,T84,200,1,-118649.3975,16,0.0406,200,0,0,1,-118649.3975,-118649.3975,0.0,1,,ml,42,0,76.68,
random_tree_565,ok,200,69,111,20,8,12,T125,T72,200,1,-114434.7732,18,0.0457,200,0,0,1,-114434.7732,-114434.7732,0.0,1,,ml,42,0,88.14,
random_tree_566,ok,200,88,92,20,10,10,T32,T55,200,1,-120380.0348,16,0.0406,200,0,0,1,-120380.0348,-120380.0348,0.0,1,,ml,42,0,75.21,
random_tree_567,ok,200,92,88,20,10,10,T156,T50,200,1,-119232.9669,20,0.0508,200,0,0,1,-119232.9669,-119232.9669,0.0,1,,ml,42,0,72.28,
random_tree_568,ok,200,72,108,20,8,12,T148,T95,200,1,-113161.7322,12,0.0305,200,0,0,1,-113161.7322,-113161.7322,0.0,1,,ml,42,0,86.35,
random_tree_569,ok,200,98,82,20,11,9,T112,T98,200,1,-113141.8451,26,0.066,200,0,0,1,-113141.8451,-113141.8451,0.0,1,,ml,42,0,74.23,
random_tree_570,ok,200,88,92,20,10,10,T32,T51,200,1,-117119.3592,14,0.0355,200,0,0,1,-117119.3592,-117119.3592,0.0,1,,ml,42,0,79.8,
random_tree_058,ok,200,95,85,20,11,9,T14,T81,200,1,-115562.0377,22,0.0558,200,0,0,1,-115562.0377,-115562.0377,0.0,1,,ml,42,0,62.16,
random_tree_571,ok,200,95,85,20,11,9,T130,T80,200,1,-119872.2605,24,0.0609,200,0,0,1,-119872.2605,-119872.2605,0.0,1,,ml,42,0,75.64,
random_tree_572,ok,200,95,85,20,11,9,T139,T76,200,1,-112832.0129,12,0.0305,200,0,0,1,-112832.0129,-112832.0129,0.0,1,,ml,42,0,81.06,
random_tree_573,ok,200,64,116,20,7,13,T126,T87,200,1,-113075.7897,24,0.0609,200,0,0,1,-113075.7897,-113075.7897,0.0,1,,ml,42,0,83.07,
random_tree_574,ok,200,92,88,20,10,10,T147,T61,200,1,-106898.6248,12,0.0305,200,0,0,1,-106898.6248,-106898.6248,0.0,1,,ml,42,0,72.41,
random_tree_575,ok,200,107,73,20,12,8,T168,T30,200,1,-110981.091,14,0.0355,200,0,0,1,-110981.091,-110981.091,0.0,1,,ml,42,0,84.98,
random_tree_576,ok,200,90,90,20,10,10,T49,T44,200,1,-108652.4386,22,0.0558,200,0,0,1,-108652.4386,-108652.4386,0.0,1,,ml,42,0,71.67,
random_tree_577,ok,200,92,88,20,10,10,T144,T53,200,1,-110475.9458,34,0.0863,200,0,0,1,-110475.9458,-110475.9458,0.0,1,,ml,42,0,72.55,
random_tree_578,ok,200,81,99,20,9,11,T128,T173,200,1,-113792.203,18,0.0457,200,0,0,1,-113792.203,-113792.203,0.0,1,,ml,42,0,67.41,
random_tree_579,ok,200,77,103,20,9,11,T2,T83,200,1,-119890.089,16,0.0406,200,0,0,1,-119890.089,-119890.089,0.0,1,,ml,42,0,95.21,
random_tree_580,ok,200,91,89,20,10,10,T184,T198,200,1,-122003.8854,24,0.0609,200,0,0,1,-122003.8854,-122003.8854,0.0,1,,ml,42,0,89.86,
random_tree_059,ok,200,82,98,20,9,11,T123,T174,200,1,-125276.7271,22,0.0558,200,0,0,1,-125276.7271,-125276.7271,0.0,1,,ml,42,0,63.88,
random_tree_581,ok,200,98,82,20,11,9,T119,T97,200,1,-120011.557,20,0.0508,200,0,0,1,-120011.557,-120011.557,0.0,1,,ml,42,0,77.86,
random_tree_582,ok,200,85,95,20,10,10,T127,T164,200,1,-114012.7854,28,0.0711,200,0,0,1,-114012.7854,-114012.7854,0.0,1,,ml,42,0,74.13,
random_tree_583,ok,200,95,85,20,11,9,T141,T81,200,1,-119866.1853,14,0.0355,200,0,0,1,-119866.1853,-119866.1853,0.0,1,,ml,42,0,72.53,
random_tree_584,ok,200,78,102,20,9,11,T80,T183,200,1,-112143.0343,22,0.0558,200,0,0,1,-112143.0343,-112143.0343,0.0,1,,ml,42,0,78.6,
random_tree_585,ok,200,73,107,20,8,12,T15,T94,200,1,-117592.6797,22,0.0558,200,0,0,1,-117592.6797,-117592.6797,0.0,1,,ml,42,0,70.58,
random_tree_586,ok,200,78,102,20,9,11,T81,T185,200,1,-111296.9811,40,0.1015,200,0,0,1,-111296.9811,-111296.9811,0.0,1,,ml,42,0,74.67,
random_tree_587,ok,200,82,98,20,9,11,T128,T172,200,1,-126227.7684,18,0.0457,200,0,0,1,-126227.7684,-126227.7684,0.0,1,,ml,42,0,79.93,
random_tree_588,ok,200,92,88,20,10,10,T154,T40,200,1,-116629.1078,38,0.0964,200,0,0,1,-116629.1078,-116629.1078,0.0,1,,ml,42,0,67.55,
random_tree_589,ok,200,92,88,20,10,10,T151,T55,200,1,-106898.3258,20,0.0508,200,0,0,1,-106898.3258,-106898.3258,0.0,1,,ml,42,0,78.79,
random_tree_590,ok,200,67,113,20,7,13,T127,T80,200,1,-120779.7562,18,0.0457,200,0,0,1,-120779.7562,-120779.7562,0.0,1,,ml,42,0,78.96,
random_tree_060,ok,200,100,80,20,11,9,T157,T44,200,1,-112957.7072,34,0.0863,200,0,0,1,-112957.7072,-112957.7072,0.0,1,,ml,42,0,56.04,
random_tree_591,ok,200,99,81,20,11,9,T110,T97,200,1,-119394.6252,32,0.0812,200,0,0,1,-119394.6252,-119394.6252,0.0,1,,ml,42,0,72.82,
random_tree_592,ok,200,69,111,20,8,12,T129,T80,200,1,-117833.5402,20,0.0508,200,0,0,1,-117833.5402,-117833.5402,0.0,1,,ml,42,0,55.78,
random_tree_593,ok,200,93,87,20,10,10,T169,T51,200,1,-111128.061,12,0.0305,200,0,0,1,-111128.061,-111128.061,0.0,1,,ml,42,0,42.21,
random_tree_594,ok,200,95,85,20,11,9,T133,T74,200,1,-107713.5439,20,0.0508,200,0,0,1,-107713.5439,-107713.5439,0.0,1,,ml,42,0,40.52,
random_tree_595,ok,200,85,95,20,9,11,T127,T17,200,1,-119378.6081,26,0.066,200,0,0,1,-119378.6081,-119378.6081,0.0,1,,ml,42,0,46.46,
random_tree_596,ok,200,85,95,20,9,11,T120,T17,200,1,-112466.8486,26,0.066,200,0,0,1,-112466.8486,-112466.8486,0.0,1,,ml,42,0,40.86,
random_tree_597,ok,200,84,96,20,9,11,T36,T61,200,1,-111992.1569,30,0.0761,200,0,0,1,-111992.1569,-111992.1569,0.0,1,,ml,42,0,46.38,
random_tree_598,ok,200,85,95,20,9,11,T126,T168,200,1,-121156.5663,18,0.0457,200,0,0,1,-121156.5663,-121156.5663,0.0,1,,ml,42,0,43.74,
random_tree_599,ok,200,66,114,20,7,13,T120,T86,200,1,-115573.2208,14,0.0355,200,0,0,1,-115573.2208,-115573.2208,0.0,1,,ml,42,0,48.42,
random_tree_600,ok,200,73,107,20,8,12,T152,T93,200,1,-120668.2884,28,0.0711,200,0,0,1,-120668.2884,-120668.2884,0.0,1,,ml,42,0,28.22,
random_tree_007,ok,200,98,82,20,11,9,T12,T98,200,1,-108796.184,16,0.0406,200,0,0,1,-108796.184,-108796.184,0.0,1,,ml,42,0,48.32,
random_tree_061,ok,200,89,91,20,10,10,T35,T51,200,1,-110678.7339,12,0.0305,200,0,0,1,-110678.7339,-110678.7339,0.0,1,,ml,42,0,65.61,
random_tree_062,ok,200,77,103,20,8,12,T194,T72,200,1,-111849.8024,22,0.0558,200,0,0,1,-111849.8024,-111849.8024,0.0,1,,ml,42,0,54.72,
random_tree_063,ok,200,94,86,20,10,10,T158,T51,200,1,-117226.702,28,0.0711,200,0,0,1,-117226.702,-117226.702,0.0,1,,ml,42,0,58.96,
random_tree_064,ok,200,81,99,20,9,11,T126,T177,200,1,-113682.3626,8,0.0203,200,0,0,1,-113682.3626,-113682.3626,0.0,1,,ml,42,0,60.7,
random_tree_065,ok,200,101,79,20,11,9,T152,T52,200,1,-112791.3612,26,0.066,200,0,0,1,-112791.3612,-112791.3612,0.0,1,,ml,42,0,60.68,
random_tree_066,ok,200,80,100,20,9,11,T129,T171,200,1,-116670.3235,24,0.0609,200,0,0,1,-116670.3235,-116670.3235,0.0,1,,ml,42,0,73.0,
random_tree_067,ok,200,85,95,20,9,11,T133,T162,200,1,-116629.7268,30,0.0761,200,0,0,1,-116629.7268,-116629.7268,0.0,1,,ml,42,0,61.61,
random_tree_068,ok,200,84,96,20,9,11,T38,T68,200,1,-110182.1877,20,0.0508,200,0,0,1,-110182.1877,-110182.1877,0.0,1,,ml,42,0,66.99,
random_tree_069,ok,200,95,85,20,11,9,T128,T83,200,1,-113789.001,8,0.0203,200,0,0,1,-113789.001,-113789.001,0.0,1,,ml,42,0,63.8,
random_tree_070,ok,200,89,91,20,10,10,T28,T54,200,1,-110429.8504,24,0.0609,200,0,0,1,-110429.8504,-110429.8504,0.0,1,,ml,42,0,59.86,
random_tree_008,ok,200,109,71,20,12,8,T56,T27,200,1,-118507.313,18,0.0457,200,0,0,1,-118507.313,-118507.313,0.0,1,,ml,42,0,47.3,
random_tree_071,ok,200,86,94,20,10,10,T27,T64,200,1,-116701.3928,14,0.0355,200,0,0,1,-116701.3928,-116701.3928,0.0,1,,ml,42,0,60.53,
random_tree_072,ok,200,104,76,20,12,8,T158,T31,200,1,-113268.4905,20,0.0508,200,0,0,1,-113268.4905,-113268.4905,0.0,1,,ml,42,0,71.0,
random_tree_073,ok,200,91,89,20,10,10,T178,T21,200,1,-124063.87,20,0.0508,200,0,0,1,-124063.87,-124063.87,0.0,1,,ml,42,0,69.0,
random_tree_074,ok,200,94,86,20,10,10,T144,T48,200,1,-119434.1774,10,0.0254,200,0,0,1,-119434.1774,-119434.1774,0.0,1,,ml,42,0,63.8,
random_tree_075,ok,200,87,93,20,10,10,T37,T6,200,1,-114779.1561,20,0.0508,200,0,0,1,-114779.1561,-114779.1561,0.0,1,,ml,42,0,57.6,
random_tree_076,ok,200,76,104,20,8,12,T21,T70,200,1,-121272.3776,24,0.0609,200,0,0,1,-121272.3776,-121272.3776,0.0,1,,ml,42,0,65.41,
random_tree_077,ok,200,84,96,20,9,11,T34,T57,200,1,-113266.2907,14,0.0355,200,0,0,1,-113266.2907,-113266.2907,0.0,1,,ml,42,0,69.55,
random_tree_078,ok,200,86,94,20,10,10,T41,T57,200,1,-118646.5655,18,0.0457,200,0,0,1,-118646.5655,-118646.5655,0.0,1,,ml,42,0,61.09,
random_tree_079,ok,200,90,90,20,10,10,T41,T55,200,1,-109095.0544,18,0.0457,200,0,0,1,-109095.0544,-109095.0544,0.0,1,,ml,42,0,63.1,
random_tree_080,ok,200,74,106,20,8,12,T146,T82,200,1,-118880.1433,30,0.0761,200,0,0,1,-118880.1433,-118880.1433,0.0,1,,ml,42,0,63.25,
random_tree_009,ok,200,87,93,20,10,10,T33,T52,200,1,-109822.4773,32,0.0812,200,0,0,1,-109822.4773,-109822.4773,0.0,1,,ml,42,0,52.41,
random_tree_081,ok,200,85,95,20,9,11,T124,T169,200,1,-119977.8355,14,0.0355,200,0,0,1,-119977.8355,-119977.8355,0.0,1,,ml,42,0,65.91,
random_tree_082,ok,200,88,92,20,10,10,T30,T59,200,1,-119685.4152,10,0.0254,200,0,0,1,-119685.4152,-119685.4152,0.0,1,,ml,42,0,69.34,
random_tree_083,ok,200,87,93,20,10,10,T39,T6,200,1,-118536.29,20,0.0508,200,0,0,1,-118536.29,-118536.29,0.0,1,,ml,42,0,66.96,
random_tree_084,ok,200,107,73,20,12,8,T17,T34,200,1,-122355.4866,24,0.0609,200,0,0,1,-122355.4866,-122355.4866,0.0,1,,ml,42,0,62.07,
random_tree_085,ok,200,84,96,20,9,11,T31,T60,200,1,-113591.4234,22,0.0558,200,0,0,1,-113591.4234,-113591.4233,0.0001,1,,ml,42,0,64.62,
random_tree_086,ok,200,92,88,20,10,10,T146,T62,200,1,-126372.1911,24,0.0609,200,0,0,1,-126372.1911,-126372.1911,0.0,1,,ml,42,0,59.71,
random_tree_087,ok,200,102,78,20,11,9,T140,T7,200,1,-119095.6617,16,0.0406,200,0,0,1,-119095.6617,-119095.6617,0.0,1,,ml,42,0,64.27,
random_tree_088,ok,200,94,86,20,10,10,T153,T55,200,1,-115278.3111,36,0.0914,200,0,0,1,-115278.3111,-115278.3111,0.0,1,,ml,42,0,68.83,
random_tree_089,ok,200,103,77,20,12,8,T180,T19,200,1,-112516.9004,26,0.066,200,0,0,1,-112516.9004,-112516.9004,0.0,1,,ml,42,0,69.44,
random_tree_090,ok,200,89,91,20,10,10,T27,T55,200,1,-116052.0243,22,0.0558,200,0,0,1,-116052.0243,-116052.0243,0.0,1,,ml,42,0,65.67,
random_tree_010,ok,200,91,89,20,10,10,T194,T188,200,1,-111174.8987,24,0.0609,200,0,0,1,-111174.8987,-111174.8987,0.0,1,,ml,42,0,65.27,
random_tree_091,ok,200,89,91,20,10,10,T4,T52,200,1,-115119.8387,20,0.0508,200,0,0,1,-115119.8387,-115119.8387,0.0,1,,ml,42,0,63.13,
random_tree_092,ok,200,89,91,20,10,10,T33,T57,200,1,-117712.5091,32,0.0812,200,0,0,1,-117712.5091,-117712.5091,0.0,1,,ml,42,0,61.31,
random_tree_093,ok,200,61,119,20,7,13,T124,T33,200,1,-113838.2753,10,0.0254,200,0,0,1,-113838.2753,-113838.2753,0.0,1,,ml,42,0,67.59,
random_tree_094,ok,200,97,83,20,11,9,T128,T81,200,1,-106909.8485,16,0.0406,200,0,0,1,-106909.8485,-106909.8485,0.0,1,,ml,42,0,67.09,
random_tree_095,ok,200,110,70,20,12,8,T72,T22,200,1,-115723.0554,14,0.0355,200,0,0,1,-115723.0554,-115723.0554,0.0,1,,ml,42,0,70.41,
random_tree_096,ok,200,70,110,20,8,12,T148,T99,200,1,-108544.5872,28,0.0711,200,0,0,1,-108544.5872,-108544.5872,0.0,1,,ml,42,0,62.97,
